{"cameraMode":{"drawMode":2,"name":"Shaded Wireframe","section":"Shading Mode"},"sceneLighting":false,"audioPlay":false,"sceneViewState":{"showFog":true,"showMaterialUpdate":false,"showSkybox":false,"showFlares":true,"showImageEffects":true,"showParticleSystems":true},"in2DMode":false,"pivot":{"x":-1.234665870666504,"y":1.0243271589279175,"z":-2.0488946437835695},"rotation":{"x":-0.0777750089764595,"y":0.9089903235435486,"z":-0.19689130783081056,"w":-0.3590620756149292},"size":21.726234436035158,"orthographic":false}