{"cameraMode":{"drawMode":2,"name":"Shaded Wireframe","section":"Shading Mode"},"sceneLighting":true,"audioPlay":false,"sceneViewState":{"showFog":true,"showMaterialUpdate":false,"showSkybox":true,"showFlares":true,"showImageEffects":true,"showParticleSystems":true},"in2DMode":false,"pivot":{"x":-125.0115966796875,"y":-37.52721405029297,"z":-26.45146942138672},"rotation":{"x":-0.40849626064300539,"y":-0.06099328771233559,"z":0.02737041562795639,"w":-0.9103084802627564},"size":203.9857177734375,"orthographic":false}