{"cameraMode":{"drawMode":0,"name":"Shaded","section":"Shading Mode"},"sceneLighting":false,"audioPlay":false,"sceneViewState":{"showFog":true,"showMaterialUpdate":false,"showSkybox":false,"showFlares":true,"showImageEffects":true,"showParticleSystems":true},"in2DMode":false,"pivot":{"x":0.0,"y":-0.0005203485488891602,"z":0.0770101547241211},"rotation":{"x":-0.38183891773223879,"y":0.11104995757341385,"z":-0.046273332089185718,"w":-0.9163654446601868},"size":4.440769672393799,"orthographic":false}