{"cameraMode":{"drawMode":0,"name":"Shaded","section":"Shading Mode"},"sceneLighting":false,"audioPlay":false,"sceneViewState":{"showFog":true,"showMaterialUpdate":false,"showSkybox":false,"showFlares":true,"showImageEffects":true,"showParticleSystems":true},"in2DMode":false,"pivot":{"x":20.113933563232423,"y":3.522904396057129,"z":20.951597213745118},"rotation":{"x":0.00023505155695602298,"y":-0.920749843120575,"z":0.39016619324684145,"w":0.0005586184561252594},"size":50.863746643066409,"orthographic":false}